{
	"credit": "Made by XeKr with Blockbench",
	"ambientocclusion": false,
	"texture_size": [32, 32],
	"textures": {
		"out": "block/dying_leaves_3d",
		"in": "block/dying_leaves_3d2",
		"particle": "#in"
	},
	"elements": [
		{
			"from": [-8, -6, 5.3],
			"to": [20, 10, 5.3],
			"rotation": {"angle": -45, "axis": "z", "origin": [8, 8, 8]},
			"faces": {
				"north": {"uv": [8, 15, 16, 1], "rotation": 90, "texture": "#out", "tintindex": 0},
				"south": {"uv": [8, 1, 16, 15], "rotation": 90, "texture": "#out", "tintindex": 0}
			}
		},
		{
			"from": [-2, 3, 11.5],
			"to": [26, 19, 11.5],
			"rotation": {"angle": 45, "axis": "z", "origin": [8, 8, 8]},
			"faces": {
				"north": {"uv": [0, 1, 8, 15], "rotation": 270, "texture": "#out", "tintindex": 0},
				"south": {"uv": [0, 15, 8, 1], "rotation": 270, "texture": "#out", "tintindex": 0}
			}
		},
		{
			"from": [2, 8.3, -9],
			"to": [18, 8.3, 19],
			"rotation": {"angle": -22.5, "axis": "x", "origin": [8, 8, 8]},
			"faces": {
				"up": {"uv": [0, 15, 8, 1], "rotation": 180, "texture": "#out", "tintindex": 0},
				"down": {"uv": [0, 1, 8, 15], "rotation": 180, "texture": "#out", "tintindex": 0}
			}
		},
		{
			"from": [7.7, -11, -2],
			"to": [7.7, 17, 14],
			"shade": false,
			"rotation": {"angle": 22.5, "axis": "z", "origin": [8, 8, 6]},
			"faces": {
				"east": {"uv": [0, 15, 8, 1], "rotation": 180, "texture": "#out", "tintindex": 0},
				"west": {"uv": [0, 1, 8, 15], "texture": "#out", "tintindex": 0}
			}
		},
		{
			"from": [-6, 7.3, -4],
			"to": [22, 7.3, 12],
			"rotation": {"angle": -22.5, "axis": "z", "origin": [8, 8, 6]},
			"faces": {
				"up": {"uv": [8, 15, 16, 1], "rotation": 270, "texture": "#out", "tintindex": 0},
				"down": {"uv": [8, 1, 16, 15], "rotation": 90, "texture": "#out", "tintindex": 0}
			}
		},
		{
			"from": [-2, 8.7, -1],
			"to": [14, 8.7, 27],
			"rotation": {"angle": 22.5, "axis": "x", "origin": [8, 8, 8]},
			"faces": {
				"up": {"uv": [0, 15, 8, 1], "rotation": 180, "texture": "#out", "tintindex": 0},
				"down": {"uv": [0, 1, 8, 15], "rotation": 180, "texture": "#out", "tintindex": 0}
			}
		},
		{
			"from": [8.3, -9, 4],
			"to": [8.3, 19, 20],
			"shade": false,
			"rotation": {"angle": -22.5, "axis": "z", "origin": [8, 8, 8]},
			"faces": {
				"east": {"uv": [0, 15, 8, 1], "texture": "#out", "tintindex": 0},
				"west": {"uv": [0, 1, 8, 15], "rotation": 180, "texture": "#out", "tintindex": 0}
			}
		},
		{
			"from": [0, 0, 0],
			"to": [16, 16, 16],
			"faces": {
				"north": {"uv": [0, 0, 16, 16], "texture": "#in", "tintindex": 0},
				"east": {"uv": [0, 0, 16, 16], "rotation": 90, "texture": "#in", "tintindex": 0},
				"south": {"uv": [0, 0, 16, 16], "rotation": 180, "texture": "#in", "tintindex": 0},
				"west": {"uv": [0, 0, 16, 16], "rotation": 270, "texture": "#in", "tintindex": 0},
				"up": {"uv": [0, 0, 16, 16], "texture": "#in", "tintindex": 0},
				"down": {"uv": [0, 0, 16, 16], "rotation": 180, "texture": "#in", "tintindex": 0}
			}
		}
	]
}