{
	"credit": "Made by XeKr with Blockbench",
	"ambientocclusion": false,
	"texture_size": [32, 32],
	"textures": {
		"out": "block/leaves_3d",
		"in": "block/leaves_3d2",
		"particle": "#in"
	},
	"elements": [
		{
			"from": [0, -6, 8.7],
			"to": [16, 22, 8.7],
			"rotation": {"angle": -45, "axis": "z", "origin": [8, 8, 8]},
			"faces": {
				"north": {"uv": [8, 15, 16, 1], "rotation": 180, "texture": "#out", "tintindex": 0},
				"south": {"uv": [8, 1, 16, 15], "texture": "#out", "tintindex": 0}
			}
		},
		{
			"from": [0, -6, 7.7],
			"to": [16, 22, 7.7],
			"rotation": {"angle": -45, "axis": "z", "origin": [8, 8, 8]},
			"faces": {
				"north": {"uv": [0, 15, 8, 1], "rotation": 180, "texture": "#out", "tintindex": 0},
				"south": {"uv": [0, 1, 8, 15], "texture": "#out", "tintindex": 0}
			}
		},
		{
			"from": [-2, 8.3, -6],
			"to": [14, 8.3, 22],
			"rotation": {"angle": 22.5, "axis": "x", "origin": [8, 8, 8]},
			"faces": {
				"up": {"uv": [0, 15, 8, 1], "texture": "#out", "tintindex": 0},
				"down": {"uv": [0, 1, 8, 15], "texture": "#out", "tintindex": 0}
			}
		},
		{
			"from": [-6, 7.3, 2],
			"to": [22, 7.3, 18],
			"rotation": {"angle": 22.5, "axis": "z", "origin": [8, 8, 8]},
			"faces": {
				"up": {"uv": [8, 15, 16, 1], "rotation": 90, "texture": "#out", "tintindex": 0},
				"down": {"uv": [8, 1, 16, 15], "rotation": 270, "texture": "#out", "tintindex": 0}
			}
		},
		{
			"from": [2, 8.7, -6],
			"to": [18, 8.7, 22],
			"shade": false,
			"rotation": {"angle": -45, "axis": "x", "origin": [8, 8, 8]},
			"faces": {
				"up": {"uv": [8, 1, 16, 15], "texture": "#out", "tintindex": 0},
				"down": {"uv": [8, 15, 16, 1], "texture": "#out", "tintindex": 0}
			}
		},
		{
			"from": [-6, 7.7, -2],
			"to": [22, 7.7, 14],
			"shade": false,
			"rotation": {"angle": -45, "axis": "z", "origin": [8, 8, 8]},
			"faces": {
				"up": {"uv": [0, 1, 8, 15], "rotation": 90, "texture": "#out", "tintindex": 0},
				"down": {"uv": [0, 15, 8, 1], "rotation": 270, "texture": "#out", "tintindex": 0}
			}
		},
		{
			"from": [0, 0, 0],
			"to": [16, 16, 16],
			"faces": {
				"north": {"uv": [0, 0, 16, 16], "texture": "#in", "tintindex": 0},
				"east": {"uv": [0, 0, 16, 16], "rotation": 90, "texture": "#in", "tintindex": 0},
				"south": {"uv": [0, 0, 16, 16], "rotation": 180, "texture": "#in", "tintindex": 0},
				"west": {"uv": [0, 0, 16, 16], "rotation": 270, "texture": "#in", "tintindex": 0},
				"up": {"uv": [0, 0, 16, 16], "texture": "#in", "tintindex": 0},
				"down": {"uv": [0, 0, 16, 16], "rotation": 180, "texture": "#in", "tintindex": 0}
			}
		}
	],
	"gui_light": "front",
	"display": {
		"thirdperson_righthand": {
			"rotation": [75, 45, 0],
			"translation": [0, 2.5, 0],
			"scale": [0.375, 0.375, 0.375]
		},
		"firstperson_righthand": {
			"rotation": [0, 45, 0],
			"scale": [0.4, 0.4, 0.4]
		},
		"firstperson_lefthand": {
			"rotation": [0, 225, 0],
			"scale": [0.4, 0.4, 0.4]
		},
		"ground": {
			"translation": [0, 3, 0],
			"scale": [0.25, 0.25, 0.25]
		},
		"gui": {
			"rotation": [30, -45, 0],
			"translation": [0, -0.25, 0],
			"scale": [0.6, 0.6, 0.6]
		},
		"fixed": {
			"scale": [0.5, 0.5, 0.5]
		}
	}
}