{
	"credit": "Made by XeKr with Blockbench",
	"parent": "block/block",
	"textures": {
		"4": "block/grass_block_3d",
		"particle": "block/dirt",
		"bottom": "block/dirt",
		"top": "block/grass_block_top",
		"side": "block/grass_block_side",
		"overlay": "block/grass_block_side_overlay"
	},
	"elements": [
		{
			"from": [0, 0, 0],
			"to": [16, 16, 16],
			"faces": {
				"north": {"uv": [0, 0, 16, 16], "texture": "#side", "cullface": "north"},
				"east": {"uv": [0, 0, 16, 16], "texture": "#side", "cullface": "east"},
				"south": {"uv": [0, 0, 16, 16], "texture": "#side", "cullface": "south"},
				"west": {"uv": [0, 0, 16, 16], "texture": "#side", "cullface": "west"},
				"up": {"uv": [0, 0, 16, 16], "texture": "#top", "cullface": "up", "tintindex": 0},
				"down": {"uv": [0, 0, 16, 16], "texture": "#bottom", "cullface": "down"}
			}
		},
		{
			"from": [0, 0, 0],
			"to": [16, 16, 16],
			"faces": {
				"north": {"uv": [0, 0, 16, 16], "texture": "#overlay", "cullface": "north", "tintindex": 0},
				"east": {"uv": [0, 0, 16, 16], "texture": "#overlay", "cullface": "east", "tintindex": 0},
				"south": {"uv": [0, 0, 16, 16], "texture": "#overlay", "cullface": "south", "tintindex": 0},
				"west": {"uv": [0, 0, 16, 16], "texture": "#overlay", "cullface": "west", "tintindex": 0}
			}
		},
		{
			"from": [11, 16.4, 4],
			"to": [12, 16.4, 5],
			"shade": false,
			"rotation": {"angle": -22.5, "axis": "y", "origin": [11.5, 16.4, 4.5]},
			"faces": {
				"up": {"uv": [9, 13, 10, 14], "rotation": 270, "texture": "#4", "cullface": "up"},
				"down": {"uv": [9, 13, 10, 14], "rotation": 90, "texture": "#4", "cullface": "up"}
			}
		},
		{
			"from": [11, 16.4, 2],
			"to": [13, 16.4, 4],
			"shade": false,
			"rotation": {"angle": -22.5, "axis": "y", "origin": [11.5, 16.4, 4.5]},
			"faces": {
				"up": {"uv": [10, 13, 12, 15], "rotation": 270, "texture": "#4", "cullface": "up"},
				"down": {"uv": [9, 11, 11, 13], "rotation": 90, "texture": "#4", "cullface": "up"}
			}
		},
		{
			"from": [9, 16.4, 3],
			"to": [11, 16.4, 5],
			"shade": false,
			"rotation": {"angle": -22.5, "axis": "y", "origin": [11.5, 16.4, 4.5]},
			"faces": {
				"up": {"uv": [10, 13, 12, 15], "rotation": 180, "texture": "#4", "cullface": "up"},
				"down": {"uv": [9, 11, 11, 13], "rotation": 180, "texture": "#4", "cullface": "up"}
			}
		},
		{
			"from": [10, 16.4, 5],
			"to": [12, 16.4, 7],
			"shade": false,
			"rotation": {"angle": -22.5, "axis": "y", "origin": [11.5, 16.4, 4.5]},
			"faces": {
				"up": {"uv": [10, 13, 12, 15], "rotation": 90, "texture": "#4", "cullface": "up"},
				"down": {"uv": [9, 11, 11, 13], "rotation": 270, "texture": "#4", "cullface": "up"}
			}
		},
		{
			"from": [12, 16.4, 4],
			"to": [14, 16.4, 6],
			"shade": false,
			"rotation": {"angle": -22.5, "axis": "y", "origin": [11.5, 16.4, 4.5]},
			"faces": {
				"up": {"uv": [10, 13, 12, 15], "texture": "#4", "cullface": "up"},
				"down": {"uv": [9, 11, 11, 13], "texture": "#4", "cullface": "up"}
			}
		},
		{
			"from": [6, 16.4, 7],
			"to": [7, 16.4, 9],
			"shade": false,
			"rotation": {"angle": 22.5, "axis": "y", "origin": [6, 16.4, 9]},
			"faces": {
				"up": {"uv": [4, 14, 5, 16], "rotation": 180, "texture": "#4", "cullface": "up"},
				"down": {"uv": [5, 12, 6, 14], "rotation": 180, "texture": "#4", "cullface": "up"}
			}
		},
		{
			"from": [5, 16.4, 9],
			"to": [6, 16.4, 11],
			"shade": false,
			"rotation": {"angle": 22.5, "axis": "y", "origin": [6, 16.4, 9]},
			"faces": {
				"up": {"uv": [5, 12, 6, 14], "rotation": 180, "texture": "#4", "cullface": "up"},
				"down": {"uv": [4, 14, 5, 16], "rotation": 180, "texture": "#4", "cullface": "up"}
			}
		},
		{
			"from": [6, 16.4, 9],
			"to": [8, 16.4, 10],
			"shade": false,
			"rotation": {"angle": 22.5, "axis": "y", "origin": [6, 16.4, 9]},
			"faces": {
				"up": {"uv": [5, 14, 7, 15], "texture": "#4", "cullface": "up"},
				"down": {"uv": [5, 14, 7, 15], "texture": "#4", "cullface": "up"}
			}
		},
		{
			"from": [4, 16.4, 8],
			"to": [6, 16.4, 9],
			"shade": false,
			"rotation": {"angle": 22.5, "axis": "y", "origin": [6, 16.4, 9]},
			"faces": {
				"up": {"uv": [5, 14, 7, 15], "rotation": 180, "texture": "#4", "cullface": "up"},
				"down": {"uv": [5, 14, 7, 15], "rotation": 180, "texture": "#4", "cullface": "up"}
			}
		}
	],
	"groups": [
		0,
		1,
		{
			"name": "group",
			"origin": [12, 16.4, 11],
			"color": 0,
			"shade": false,
			"children": [2, 3, 4, 5, 6]
		},
		{
			"name": "group",
			"origin": [6, 16.4, 12],
			"color": 0,
			"shade": false,
			"children": [7, 8, 9, 10]
		}
	]
}