{
	"credit": "Made by XeKr with Blockbench",
	"parent": "minecraft:block/thin_block",
	"textures": {
		"1": "block/moss_3d_big",
		"particle": "block/moss_block",
		"wool": "block/moss_block"
	},
	"elements": [
		{
			"from": [0, 0, 0],
			"to": [16, 1, 16],
			"faces": {
				"north": {"uv": [0, 15, 16, 16], "texture": "#wool", "cullface": "north"},
				"east": {"uv": [0, 15, 16, 16], "texture": "#wool", "cullface": "east"},
				"south": {"uv": [0, 15, 16, 16], "texture": "#wool", "cullface": "south"},
				"west": {"uv": [0, 15, 16, 16], "texture": "#wool", "cullface": "west"},
				"up": {"uv": [0, 0, 16, 16], "texture": "#wool"},
				"down": {"uv": [0, 0, 16, 16], "texture": "#wool", "cullface": "down"}
			}
		},
		{
			"from": [-0.05, 0, -0.05],
			"to": [16.05, 0.95, 16.05],
			"rotation": {"angle": 0, "axis": "y", "origin": [8, 7, 8]},
			"faces": {
				"north": {"uv": [0, 15, 16, 16], "texture": "#wool", "cullface": "north"},
				"east": {"uv": [0, 15, 16, 16], "texture": "#wool", "cullface": "east"},
				"south": {"uv": [0, 15, 16, 16], "texture": "#wool", "cullface": "south"},
				"west": {"uv": [0, 15, 16, 16], "texture": "#wool", "cullface": "west"}
			}
		},
		{
			"from": [-0.05, -8, -0.05],
			"to": [16.05, 0, 16.05],
			"rotation": {"angle": 0, "axis": "y", "origin": [8, 7, 8]},
			"faces": {
				"north": {"uv": [0, 0, 16, 8], "texture": "#1", "cullface": "north"},
				"east": {"uv": [0, 0, 16, 8], "texture": "#1", "cullface": "east"},
				"south": {"uv": [0, 0, 16, 8], "texture": "#1", "cullface": "south"},
				"west": {"uv": [0, 0, 16, 8], "texture": "#1", "cullface": "west"}
			}
		}
	]
}