{
	"credit": "Made by XeKr with Blockbench",
	"parent": "minecraft:block/thin_block",
	"textures": {
		"1": "block/moss_3d",
		"particle": "block/moss_block",
		"wool": "block/moss_block"
	},
	"elements": [
		{
			"from": [0, 0, 0],
			"to": [16, 1, 16],
			"faces": {
				"north": {"uv": [0, 15, 16, 16], "texture": "#wool", "cullface": "north"},
				"east": {"uv": [0, 15, 16, 16], "texture": "#wool", "cullface": "east"},
				"south": {"uv": [0, 15, 16, 16], "texture": "#wool", "cullface": "south"},
				"west": {"uv": [0, 15, 16, 16], "texture": "#wool", "cullface": "west"},
				"up": {"uv": [0, 0, 16, 16], "texture": "#wool"},
				"down": {"uv": [0, 0, 16, 16], "texture": "#wool", "cullface": "down"}
			}
		},
		{
			"from": [-0.05, 0, -0.05],
			"to": [16.05, 0.95, 16.05],
			"rotation": {"angle": 0, "axis": "y", "origin": [8, 7, 8]},
			"faces": {
				"north": {"uv": [0, 15, 16, 16], "texture": "#wool", "cullface": "north"},
				"east": {"uv": [0, 15, 16, 16], "texture": "#wool", "cullface": "east"},
				"south": {"uv": [0, 15, 16, 16], "texture": "#wool", "cullface": "south"},
				"west": {"uv": [0, 15, 16, 16], "texture": "#wool", "cullface": "west"}
			}
		},
		{
			"from": [-0.05, -4, -0.05],
			"to": [16.05, 0, 16.05],
			"rotation": {"angle": 0, "axis": "y", "origin": [8, 7, 8]},
			"faces": {
				"north": {"uv": [0, 0, 16, 4], "texture": "#1", "cullface": "north"},
				"east": {"uv": [0, 0, 16, 4], "texture": "#1", "cullface": "east"},
				"south": {"uv": [0, 0, 16, 4], "texture": "#1", "cullface": "south"},
				"west": {"uv": [0, 0, 16, 4], "texture": "#1", "cullface": "west"}
			}
		},
		{
			"from": [11.025, -5, -0.05],
			"to": [14.05, -4, -0.05],
			"rotation": {"angle": 0, "axis": "y", "origin": [8, 7, 8]},
			"faces": {
				"north": {"uv": [2, 4, 5, 5], "texture": "#1", "cullface": "north"}
			}
		},
		{
			"from": [2.975, -5, -0.05],
			"to": [8, -4, -0.05],
			"rotation": {"angle": 0, "axis": "y", "origin": [8, 7, 8]},
			"faces": {
				"north": {"uv": [8, 4, 13, 5], "texture": "#1", "cullface": "north"}
			}
		},
		{
			"from": [16.05, -5, 2.975],
			"to": [16.05, -4, 8],
			"rotation": {"angle": 0, "axis": "y", "origin": [8, 7, 8]},
			"faces": {
				"east": {"uv": [8, 4, 13, 5], "texture": "#1", "cullface": "east"}
			}
		},
		{
			"from": [16.05, -5, 11.025],
			"to": [16.05, -4, 14.05],
			"rotation": {"angle": 0, "axis": "y", "origin": [8, 7, 8]},
			"faces": {
				"east": {"uv": [2, 4, 5, 5], "texture": "#1", "cullface": "east"}
			}
		},
		{
			"from": [8, -5, 16.05],
			"to": [13.025, -4, 16.05],
			"rotation": {"angle": 0, "axis": "y", "origin": [8, 7, 8]},
			"faces": {
				"south": {"uv": [8, 4, 13, 5], "texture": "#1", "cullface": "south"}
			}
		},
		{
			"from": [1.95, -5, 16.05],
			"to": [4.975, -4, 16.05],
			"rotation": {"angle": 0, "axis": "y", "origin": [8, 7, 8]},
			"faces": {
				"south": {"uv": [2, 4, 5, 5], "texture": "#1", "cullface": "south"}
			}
		},
		{
			"from": [-0.05, -5, 8],
			"to": [-0.05, -4, 13.025],
			"rotation": {"angle": 0, "axis": "y", "origin": [8, 7, 8]},
			"faces": {
				"west": {"uv": [8, 4, 13, 5], "texture": "#1", "cullface": "west"}
			}
		},
		{
			"from": [-0.05, -5, 1.95],
			"to": [-0.05, -4, 4.975],
			"rotation": {"angle": 0, "axis": "y", "origin": [8, 7, 8]},
			"faces": {
				"west": {"uv": [2, 4, 5, 5], "texture": "#1", "cullface": "west"}
			}
		}
	]
}