{
	"credit": "Made by XeKr with Blockbench",
	"parent": "block/thin_block",
	"textures": {
		"side": "block/snow_3d",
		"particle": "block/snow",
		"texture": "block/snow"
	},
	"elements": [
		{
			"from": [0, 0, 0],
			"to": [16, 10, 16],
			"faces": {
				"north": {"uv": [0, 6, 16, 16], "texture": "#texture", "cullface": "north"},
				"east": {"uv": [0, 6, 16, 16], "texture": "#texture", "cullface": "east"},
				"south": {"uv": [0, 6, 16, 16], "texture": "#texture", "cullface": "south"},
				"west": {"uv": [0, 6, 16, 16], "texture": "#texture", "cullface": "west"},
				"up": {"uv": [0, 0, 16, 16], "texture": "#texture"},
				"down": {"uv": [0, 0, 16, 16], "texture": "#texture", "cullface": "down"}
			}
		},
		{
			"from": [-0.05, 0, -0.05],
			"to": [16.05, 2, 16.05],
			"rotation": {"angle": 0, "axis": "y", "origin": [8, 7, 8]},
			"faces": {
				"north": {"uv": [0, 14, 16, 16], "texture": "#texture", "cullface": "north"},
				"east": {"uv": [0, 14, 16, 16], "texture": "#texture", "cullface": "east"},
				"south": {"uv": [0, 14, 16, 16], "texture": "#texture", "cullface": "south"},
				"west": {"uv": [0, 14, 16, 16], "texture": "#texture", "cullface": "west"}
			}
		},
		{
			"from": [-0.05, -3, -0.05],
			"to": [16.05, 0, 16.05],
			"rotation": {"angle": 0, "axis": "y", "origin": [8, 7, 8]},
			"faces": {
				"north": {"uv": [0, 0, 16, 3], "texture": "#side", "cullface": "north"},
				"east": {"uv": [0, 0, 16, 3], "texture": "#side", "cullface": "east"},
				"south": {"uv": [0, 0, 16, 3], "texture": "#side", "cullface": "south"},
				"west": {"uv": [0, 0, 16, 3], "texture": "#side", "cullface": "west"}
			}
		},
		{
			"from": [12.025, -4, -0.05],
			"to": [15.05, -3, -0.05],
			"rotation": {"angle": 0, "axis": "y", "origin": [8, 7, 8]},
			"faces": {
				"north": {"uv": [1, 3, 4, 4], "texture": "#side", "cullface": "north"}
			}
		},
		{
			"from": [3.975, -4, -0.05],
			"to": [9, -3, -0.05],
			"rotation": {"angle": 0, "axis": "y", "origin": [8, 7, 8]},
			"faces": {
				"north": {"uv": [7, 3, 12, 4], "texture": "#side", "cullface": "north"}
			}
		},
		{
			"from": [16.05, -4, 12.025],
			"to": [16.05, -3, 15.05],
			"rotation": {"angle": 0, "axis": "y", "origin": [8, 7, 8]},
			"faces": {
				"east": {"uv": [1, 3, 4, 4], "texture": "#side", "cullface": "east"}
			}
		},
		{
			"from": [16.05, -4, 3.975],
			"to": [16.05, -3, 9],
			"rotation": {"angle": 0, "axis": "y", "origin": [8, 7, 8]},
			"faces": {
				"east": {"uv": [7, 3, 12, 4], "texture": "#side", "cullface": "east"}
			}
		},
		{
			"from": [0.95, -4, 16.05],
			"to": [3.975, -3, 16.05],
			"rotation": {"angle": 0, "axis": "y", "origin": [8, 7, 8]},
			"faces": {
				"south": {"uv": [1, 3, 4, 4], "texture": "#side", "cullface": "south"}
			}
		},
		{
			"from": [7, -4, 16.05],
			"to": [12.025, -3, 16.05],
			"rotation": {"angle": 0, "axis": "y", "origin": [8, 7, 8]},
			"faces": {
				"south": {"uv": [7, 3, 12, 4], "texture": "#side", "cullface": "south"}
			}
		},
		{
			"from": [-0.05, -4, 0.95],
			"to": [-0.05, -3, 3.975],
			"rotation": {"angle": 0, "axis": "y", "origin": [8, 7, 8]},
			"faces": {
				"west": {"uv": [1, 3, 4, 4], "texture": "#side", "cullface": "west"}
			}
		},
		{
			"from": [-0.05, -4, 7],
			"to": [-0.05, -3, 12.025],
			"rotation": {"angle": 0, "axis": "y", "origin": [8, 7, 8]},
			"faces": {
				"west": {"uv": [7, 3, 12, 4], "texture": "#side", "cullface": "west"}
			}
		}
	]
}