{
  "variants": {
    "persistent=true,distance=1": [
	    { "model": "block/birch_leaves_3d2","y": 90},
	    { "model": "block/birch_leaves_3d2","y": 180},
	    { "model": "block/birch_leaves_3d2","y": 270},
	    { "model": "block/birch_leaves_3d","y": 90},
	    { "model": "block/birch_leaves_3d","y": 180},
	    { "model": "block/birch_leaves_3d","y": 270}
	],
    "persistent=true,distance=2": [
	    { "model": "block/birch_leaves_3d2","y": 90},
	    { "model": "block/birch_leaves_3d2","y": 180},
	    { "model": "block/birch_leaves_3d2","y": 270},
	    { "model": "block/birch_leaves_3d","y": 90},
	    { "model": "block/birch_leaves_3d","y": 180},
	    { "model": "block/birch_leaves_3d","y": 270}
	],
    "persistent=true,distance=3": [
	    { "model": "block/birch_leaves_3d2","y": 90},
	    { "model": "block/birch_leaves_3d2","y": 180},
	    { "model": "block/birch_leaves_3d2","y": 270},
	    { "model": "block/birch_leaves_3d","y": 90},
	    { "model": "block/birch_leaves_3d","y": 180},
	    { "model": "block/birch_leaves_3d","y": 270}
	],
    "persistent=true,distance=4": [
	    { "model": "block/birch_leaves_3d2","y": 90},
	    { "model": "block/birch_leaves_3d2","y": 180},
	    { "model": "block/birch_leaves_3d2","y": 270},
	    { "model": "block/birch_leaves_3d","y": 90},
	    { "model": "block/birch_leaves_3d","y": 180},
	    { "model": "block/birch_leaves_3d","y": 270}
	],
    "persistent=true,distance=5": [
	    { "model": "block/birch_leaves_3d2","y": 90},
	    { "model": "block/birch_leaves_3d2","y": 180},
	    { "model": "block/birch_leaves_3d2","y": 270},
	    { "model": "block/birch_leaves_3d","y": 90},
	    { "model": "block/birch_leaves_3d","y": 180},
	    { "model": "block/birch_leaves_3d","y": 270}
	],
    "persistent=true,distance=6": [
	    { "model": "block/birch_leaves_3d2","y": 90},
	    { "model": "block/birch_leaves_3d2","y": 180},
	    { "model": "block/birch_leaves_3d2","y": 270},
	    { "model": "block/birch_leaves_3d","y": 90},
	    { "model": "block/birch_leaves_3d","y": 180},
	    { "model": "block/birch_leaves_3d","y": 270}
	],
    "persistent=true,distance=7": [
	    { "model": "block/birch_leaves_3d2","y": 90},
	    { "model": "block/birch_leaves_3d2","y": 180},
	    { "model": "block/birch_leaves_3d2","y": 270},
	    { "model": "block/birch_leaves_3d","y": 90},
	    { "model": "block/birch_leaves_3d","y": 180},
	    { "model": "block/birch_leaves_3d","y": 270}
	],
    "persistent=false,distance=1": [
	    { "model": "block/birch_leaves_3d2","y": 90},
	    { "model": "block/birch_leaves_3d2","y": 180},
	    { "model": "block/birch_leaves_3d2","y": 270},
	    { "model": "block/birch_leaves_3d","y": 90},
	    { "model": "block/birch_leaves_3d","y": 180},
	    { "model": "block/birch_leaves_3d","y": 270}
	],
    "persistent=false,distance=2": [
	    { "model": "block/birch_leaves_3d2","y": 90},
	    { "model": "block/birch_leaves_3d2","y": 180},
	    { "model": "block/birch_leaves_3d2","y": 270},
	    { "model": "block/birch_leaves_3d","y": 90},
	    { "model": "block/birch_leaves_3d","y": 180},
	    { "model": "block/birch_leaves_3d","y": 270}
	],
    "persistent=false,distance=3": [
	    { "model": "block/birch_leaves_3d2","y": 90},
	    { "model": "block/birch_leaves_3d2","y": 180},
	    { "model": "block/birch_leaves_3d2","y": 270},
	    { "model": "block/birch_leaves_3d","y": 90},
	    { "model": "block/birch_leaves_3d","y": 180},
	    { "model": "block/birch_leaves_3d","y": 270}
	],
    "persistent=false,distance=4": [
	    { "model": "block/birch_leaves_3d2","y": 90},
	    { "model": "block/birch_leaves_3d2","y": 180},
	    { "model": "block/birch_leaves_3d2","y": 270},
	    { "model": "block/birch_leaves_3d","y": 90},
	    { "model": "block/birch_leaves_3d","y": 180},
	    { "model": "block/birch_leaves_3d","y": 270}
	],
    "persistent=false,distance=5": [
	    { "model": "block/birch_leaves_3d2","y": 90},
	    { "model": "block/birch_leaves_3d2","y": 180},
	    { "model": "block/birch_leaves_3d2","y": 270},
	    { "model": "block/birch_leaves_3d","y": 90},
	    { "model": "block/birch_leaves_3d","y": 180},
	    { "model": "block/birch_leaves_3d","y": 270}
	],
    "persistent=false,distance=6": [
	    { "model": "block/birch_leaves_3d2","y": 90},
	    { "model": "block/birch_leaves_3d2","y": 180},
	    { "model": "block/birch_leaves_3d2","y": 270},
	    { "model": "block/birch_leaves_3d","y": 90},
	    { "model": "block/birch_leaves_3d","y": 180},
	    { "model": "block/birch_leaves_3d","y": 270}
	],
    "persistent=false,distance=7": [
	    { "model": "block/dying_birch_leaves_3d2","y": 90},
	    { "model": "block/dying_birch_leaves_3d2","y": 180},
	    { "model": "block/dying_birch_leaves_3d2","y": 270},
	    { "model": "block/dying_birch_leaves_3d","y": 90},
	    { "model": "block/dying_birch_leaves_3d","y": 180},
	    { "model": "block/dying_birch_leaves_3d","y": 270}
	]
  }
}